<?xml version="1.0" encoding="UTF-8"?>
<project-private xmlns="http://www.netbeans.org/ns/project-private/1">
    <editor-bookmarks xmlns="http://www.netbeans.org/ns/editor-bookmarks/2" lastBookmarkId="0"/>
    <open-files xmlns="http://www.netbeans.org/ns/projectui-open-files/2">
        <group>
            <file>file:/home/desarrollo/SIGE/db/seeds.rb</file>
            <file>file:/home/desarrollo/SIGE/app/uploaders/office_uploader.rb</file>
            <file>file:/home/desarrollo/SIGE/app/models/ability.rb</file>
            <file>file:/home/desarrollo/SIGE/config/routes.rb</file>
            <file>file:/home/desarrollo/SIGE/app/views/layouts/application.html.erb</file>
            <file>file:/home/desarrollo/SIGE/Gemfile</file>
            <file>file:/home/desarrollo/SIGE/app/controllers/offices_controller.rb</file>
        </group>
    </open-files>
</project-private>
